0.99,0.01,0
0.988575244236491,0.0110354588461825,0.000389296917326829
0.987015113970616,0.0121756381595253,0.00080924786985846
0.985306237345265,0.0134306037082134,0.00126315894652156
0.983434080348932,0.0148112765044754,0.00175464314659246
0.981382873547776,0.0163294810629328,0.00228764538929143
0.979135540743666,0.0179979906317657,0.00286646862456798
0.976673631423791,0.0198305676943564,0.00349580088185239
0.973977259045625,0.021841997868267,0.00418074308610812
0.97102504829743,0.0240481144649033,0.00492683723766641
0.967794094691915,0.0264658107470195,0.00574009456106572
0.96425993996955,0.0291130368100336,0.00662702322041603
0.960396568518159,0.032008776680753,0.0075946548010881
0.956176429780686,0.0351730013401207,0.00865056887919342
0.951570492335091,0.0386265928914069,0.00980291477350172
0.946548336949499,0.0423912338356893,0.011060429214812
0.941078294732933,0.0464892563801914,0.0124324488868758
0.935127638898598,0.0509434450074656,0.0139289160939359
0.928662837007586,0.0557767868558083,0.0155603761366058
0.921649871755091,0.0610121638849705,0.0173379643599382
0.914054637076619,0.0666719819152846,0.0192733810080966
0.905843415259562,0.0727777330201421,0.0213788517202955
0.896983439631725,0.0793494888822609,0.0236670714860144
0.887443543527719,0.0864053264489911,0.0261511300232899
0.877194894770246,0.0939606888308954,0.0288444163988583
0.866211808226612,0.102027690370707,0.0317605014026814
0.854472626388797,0.110614377529582,0.0349129960816208
0.841960649929948,0.119723964129683,0.0383153859403683
0.828665094732951,0.129354064468491,0.0419808407985578
0.814582045751451,0.139495952980862,0.0459220012676869
0.799715370689194,0.150133885170949,0.0501507441398568
0.784077551766637,0.161244518047806,0.0546779301855576
0.767690390402189,0.172796470442371,0.0595131391554399
0.750585537782292,0.184750063949411,0.0646643982682977
0.73280480594177,0.197057282325225,0.0701379117330047
0.714400219058063,0.209661980824871,0.0759378001170663
0.695433773626058,0.222500367566553,0.0820658588073884
0.675976887879664,0.235501766601695,0.0885213455186412
0.656109536422166,0.248589657080689,0.0953008064971448
0.635919083146076,0.261682966535688,0.102397950318236
0.61549884324833,0.274697579906274,0.109803576845396
0.594946422359004,0.287548010606815,0.117505567034181
0.574361895343849,0.30014916778539,0.125488936870761
0.553845897364156,0.312418146527548,0.133735956108295
0.533497706213051,0.324275964176855,0.142226329610093
0.513413394545167,0.33564916910219,0.150937436352643
0.493684125025989,0.346471256299083,0.159844618674928
0.474394650710659,0.356683836864996,0.168921512424345
0.455622069613314,0.366237523359879,0.178140407026807
0.437434865097025,0.37509251097248,0.187472623930496
0.419892247005834,0.383218851606589,0.196888901387577
0.403043791179152,0.390596434455926,0.206359774364922
0.386929360826204,0.397214699785407,0.215855939388388
0.371579281740842,0.40307212293263,0.225348595326528
0.357014734556707,0.408175512379561,0.234809753063732
0.343248322270066,0.412539168968653,0.244212508761281
0.330284769925231,0.416183952684241,0.253531277390528
0.318121714380177,0.419136300663668,0.262741984956154
0.306750544965938,0.421427235754131,0.271822219279931
0.296157261202211,0.423091398128066,0.280751340669723
0.286323318501334,0.424166126656633,0.289510554842033
0.277226439250912,0.424690609479833,0.298082951269255
0.268841372437617,0.42470511692952,0.306453510632863
0.261140590106026,0.424250324528092,0.314609085365882
0.254094913642702,0.423366729072497,0.3225383572848
0.247674066940943,0.422094156713941,0.330231776345116
0.24184715631924,0.420471359295871,0.337681484384888
0.236583079888235,0.41853569275518,0.344881227356585
0.23185087051708,0.416322870234386,0.351826259248534
0.227619977720617,0.413866781850732,0.358513240428651
0.223860494401543,0.411199372647844,0.364940132950612
0.220543334659187,0.408350570427364,0.371106094913449
0.217640368930328,0.405348255519675,0.377011375549997
0.215124522381767,0.402218265161858,0.382657212456375
0.212969842126896,0.398984425838173,0.388045732034931
0.211151538356791,0.395668607626277,0.393179854016932
0.209646003954274,0.392290795339784,0.398063200705942
0.208430816652104,0.388869172013017,0.402700011334879
0.207484727259352,0.385420210944277,0.407095061796371
0.206787636991627,0.381958773136836,0.411253589871537
0.206320566488523,0.37849820753916,0.415181225972316
0.206065618690691,0.375050451984611,0.418883929324698
0.20600593738665,0.371626133158168,0.422367929455182
0.206125662907903,0.368234664309743,0.425639672782354
0.206409886180981,0.364884339728983,0.428705774090036
0.20684460210231,0.361582425271841,0.431572972625849
0.207416662998083,0.35833524444686,0.434248092555058
0.208113732761058,0.355148259746887,0.436738007492055
0.208924242113019,0.352026149058822,0.439049608828158
0.20983734532028,0.348972877102048,0.441189777577672
0.210842878601251,0.345991761925085,0.443165359473664
0.211931320380058,0.343085536568887,0.444983143051055
0.213093753479277,0.340256406053815,0.446649840466908
0.214321829295399,0.337506099883928,0.448172070820673
0.215607733961472,0.334835920287909,0.44955634575062
0.216944156471387,0.33224678643194,0.450809057096673
0.218324258717703,0.329739274848325,0.451936466433972
0.2197416473783,0.327313656326225,0.452944696295476
0.221190347575792,0.324969929508535,0.453839722915673
0.222664778239591,0.322707851416283,0.454627370344127
0.224159729057713,0.320526965161465,0.455313305780823
0.225670338940262,0.318426625062484,0.455903035997254
0.227192075904463,0.316406019362186,0.456401904733351
0.228720718282561,0.314464190758354,0.456815090959086
0.230252337168137,0.312600054929358,0.457147607902506
0.23178328003293,0.310812417211394,0.457404302755676
0.23331015543798,0.309099987583099,0.457589856978921
0.234829818704054,0.307461394185897,0.45770878711005
0.23633935851696,0.305895195453218,0.457765446029822
0.237836084373998,0.304399890996966,0.457764024629037
0.239317514845541,0.302973931336712,0.457708553817748
0.240781366604299,0.301615726568445,0.457602906827256
0.242225544055671,0.300323654200037,0.457450801744292
0.243648129592796,0.299096066142551,0.457255804264653
0.245047374426166,0.297931294938642,0.457021330635193
0.246421690036627,0.296827659233857,0.456750650729516
0.247769640004953,0.295783468759907,0.45644689123514
0.249089932270823,0.294797028787122,0.456113038942055
0.250381411839272,0.293866644041944,0.455751944118785
0.251643053960137,0.292990622123524,0.455366323916339
0.252873957511842,0.292167276670477,0.454958765817681
0.254073338708323,0.291394930165089,0.454531731126588
0.25524052517912,0.290671916361338,0.454087558459542
0.25637495035746,0.289996582426015,0.453628467216526
0.257476147970856,0.289367290965581,0.453156561063563
0.258543746803027,0.288782421778837,0.452673831418136
0.259577465808692,0.288240373331828,0.45218216085948
0.26057710930139,0.287739564168471,0.451683326530139
0.261542562264793,0.287278434202527,0.45117900353268
0.262473785967535,0.286855445777349,0.450670768255116
0.263370813757932,0.286469084616285,0.450160101625784
0.264233746824888,0.286117860790188,0.449648392384925
0.265062750210177,0.285800309496393,0.44913694029343
0.265858049080332,0.285514991702758,0.448626959216911
0.266619924878957,0.285260494871317,0.448119580249726
0.267348711680695,0.285035433537139,0.447615854782167
0.268044792846306,0.284838449748811,0.447116757404883
0.268708597509549,0.284668213612516,0.446623188877935
0.269340597248095,0.284523423714107,0.446135979037798
0.269941303065234,0.284402807417055,0.445655889517712
0.270511262152116,0.284305121277392,0.445183616570492
0.271051054885521,0.284229151323429,0.444719793791051
0.271561292082744,0.284173713257124,0.444264994660133
0.272042611998494,0.284137652762805,0.443819735238701
0.272495677692273,0.284119845646225,0.443384476661503
0.272921174466745,0.284119197983851,0.442959627549404
0.273319807123811,0.284134646309127,0.442545546567061
0.273692297726686,0.284165157631752,0.442142544641562
0.274039383099705,0.284209729555773,0.441750887344523
0.2743618125099,0.28426739030218,0.44137079718792
0.274660345645645,0.284337198679342,0.441002455675013
0.274935750245736,0.284418244109146,0.440646005645118
0.275188800319126,0.284509646510075,0.440301553170799
0.275420274035963,0.284610556250807,0.43996916971323
0.275630951905263,0.28472015400352,0.439648894091217
0.275821615096529,0.284837650598808,0.439340734304663
0.275993043548078,0.284962286845758,0.439044669606164
0.276146014636544,0.285093333310393,0.438760652053063
0.276281301347799,0.285230090076094,0.438488608576107
0.276399671146701,0.285371886469705,0.438228442383594
0.276501884344414,0.285518080750228,0.437980034905359
0.276588693054289,0.285668059785009,0.437743247160703
0.276660839829833,0.285821238677899,0.437517921492268
0.276719056665402,0.285977060383773,0.437303882950824
0.276764063905184,0.286134995294173,0.437100940800644
0.276796569302601,0.286294540779943,0.436908889917456
0.276817267165215,0.286455220748499,0.436727512086286
0.276826837502548,0.286616585111447,0.436556577386005
0.276825945365509,0.286778209321787,0.436395845312704
0.276815240109838,0.286939693770347,0.436245066119815
0.27679535489321,0.287100663306158,0.436103981800632
0.27676690607326,0.287260766571449,0.435972327355292
0.276730492832451,0.287419675503772,0.435849831663778
0.276686696721404,0.287577084625383,0.435736218653214
0.276636081387687,0.287732710519509,0.435631208092804
0.276579192268134,0.287886291098524,0.435534516633342
0.276516556403523,0.28803758503658,0.435445858559897
0.276448682275725,0.288186371054147,0.435364946670128
0.276376059698953,0.288332447274139,0.435291493026909
0.276299159785196,0.288475630576584,0.43522520963822
0.276218434917649,0.288615755831465,0.435165809250886
0.276134318810062,0.28875267538248,0.435113005807458
0.276047226583929,0.288886258127067,0.435066515289004
0.275957554879059,0.289016389129143,0.435026055991798
0.275865682049654,0.289142968618149,0.434991349332197
0.275771968307343,0.289265911623227,0.43496212006943
0.275676756015198,0.28938514702396,0.434938096960842
0.275580369882787,0.289500617095883,0.43491901302133
0.275483117304273,0.289612276717538,0.434904605978189
0.275385288650708,0.289720092749952,0.43489461859934
0.275287157585405,0.289824043463799,0.434888798950796
0.275188981493726,0.289924117732477,0.434886900773798
0.275091001738211,0.290020314663191,0.434888683598598
0.274993444212164,0.290112642682757,0.434893913105079
0.274896519571329,0.290201119248024,0.434902361180648
0.27480042382588,0.290285769986868,0.434913806187252
0.274705338637827,0.290366628328226,0.434928033033947
0.274611431835358,0.290443734851095,0.434944833313547
0.274518857877431,0.290517136714927,0.434964005407642
0.274427758197808,0.29058688728895,0.434985354513242
0.274338261858859,0.290653045396895,0.435008692744247
0.274250485773855,0.290715675116824,0.435033839109321
0.274164535408032,0.290774845036152,0.435060619555816
0.27408050506894,0.290830627983519,0.435088866947541
0.273998478430507,0.290883100530884,0.435118421038609
0.273918529075901,0.290932342483742,0.435149128440358
0.27384072074328,0.29097843668909,0.43518084256763
0.273765108058866,0.291021468382813,0.435213423558321
0.273691736729319,0.291061525054483,0.435246738216198
0.273620644137671,0.291098695963169,0.435280659899161
0.273551859777849,0.291133071800755,0.435315068421396
0.273485405527848,0.291164744505137,0.435349849967016
0.273421296324782,0.291193806755602,0.435384896919615
0.273359540309732,0.291220351893861,0.435420107796407
0.273300139417466,0.291244473519104,0.435455387063431
0.273243089726305,0.29126626526464,0.435490645009055
0.273188381718427,0.29128582064845,0.435525797633123
0.273136000886407,0.291303232695057,0.435560766418536
0.273085927838453,0.291318593894464,0.435595478267084
0.273038138824226,0.291331995903643,0.435629865272131
0.272992606050822,0.291343529381432,0.435663864567746
0.272949297865688,0.291353283909294,0.435697418225018
0.272908179313091,0.291361347708748,0.435730472978161
0.272869212214975,0.291367807621402,0.435762980163623
0.272832355566425,0.29137274893389,0.435794895499685
0.2727975658823,0.29137625523147,0.43582617888623
0.272764797263337,0.291378408390772,0.435856794345891
0.272734001880976,0.291379288390603,0.435886709728421
0.27270513010614,0.291378973279336,0.435915896614524
0.272678130686321,0.291377539128298,0.435944330185381
0.272652951157545,0.29137505990193,0.435971988940526
0.272629537861757,0.291371607472782,0.435998854665461
0.272607836227163,0.291367251554933,0.436024912217904
0.272587791046884,0.291362059642088,0.436050149311028
0.272569346470869,0.291356097031718,0.436074556497413
0.272552446324369,0.291349426770638,0.436098126904993
0.272537034278552,0.291342109638383,0.436120856083065
0.272523053843651,0.291334204170556,0.436142741985793
0.272510448676963,0.291325766633696,0.43616378468934
0.272499162688684,0.291316851032313,0.436183986279003
0.272489140031692,0.291307509131825,0.436203350836483
0.272480325375182,0.29129779046657,0.436221884158248
0.272472663982694,0.291287742358234,0.436239593659072
0.272466101688206,0.291277409939017,0.436256488372777
0.272460585120971,0.291266836188659,0.43627257869037
0.272456061781151,0.291256061962697,0.436287876256152
0.272452480002231,0.291245126013021,0.436302393984748
0.272449789114855,0.291234065044468,0.436316145840677
0.27244793953085,0.291222913759109,0.436329146710041
0.272446882702499,0.291211704871506,0.436341412425995
0.272446571218261,0.291200469169772,0.436352959611967
0.272446958894307,0.291189235585044,0.436363805520649
0.272448000744204,0.29117803120511,0.436373968050687
0.272449653007815,0.291166881317642,0.436383465674544
0.272451873239954,0.291155809512992,0.436392317247055
0.272454620300065,0.291144837705729,0.436400541994206
0.272457854332787,0.291133986145424,0.436408159521789
0.272461536832682,0.291123273540367,0.436415189626951
0.272465630652179,0.291112717101388,0.436421652246433
0.27247009996993,0.291102332541078,0.436427567488992
0.272474910310945,0.291092134156308,0.436432955532747
0.272480028559842,0.291082134930033,0.436437836510126
0.272485422942393,0.291072346543102,0.436442230514505
0.272491063011394,0.291062779375198,0.436446157613408
0.272496919643945,0.291053442650841,0.436449637705213
0.272502965032435,0.291044344482695,0.43645269048487
0.272509172662193,0.291035491866168,0.436455335471639
0.27251551730188,0.291026890725857,0.436457591972263
0.27252197496877,0.291018546052043,0.436459478979187
0.272528522917665,0.291010461916431,0.436461015165903
0.272535139625655,0.29100264145652,0.436462218917825
0.272541804762917,0.290995086965913,0.436463108271171
0.272548499147084,0.290987799994478,0.436463700858437
0.27255520473193,0.290980781353988,0.436464013914083
0.272561904602334,0.290974031100481,0.436464064297185
0.272568582915369,0.290967548652034,0.436463868432597
0.272575224859978,0.290961332852313,0.436463442287709
0.272581816646132,0.290955381970544,0.436462801383324
0.272588345505679,0.290949693689247,0.436461960805074
0.272594799607786,0.290944265230187,0.436460935162028
0.272601168029214,0.290939093391615,0.436459738579171
0.272607440746514,0.290934174543186,0.436458384710299
0.272613608635274,0.290929504622678,0.436456886742049
0.272619663372956,0.290925079253765,0.43645525737328
0.272625597416008,0.290920893769878,0.436453508814114
0.272631403995227,0.290916943206551,0.436451652798222
0.27263707711556,0.290913222299637,0.436449700584803
0.272642611453206,0.29090972559127,0.436447662955525
0.272648002334808,0.290906447448578,0.436445550216614
0.272653245733595,0.290903382057167,0.436443372209237
0.272658338278031,0.290900523410867,0.436441138311102
0.272663277146987,0.290897865405862,0.436438857447152
0.272668060044697,0.290895401860508,0.436436538094796
0.272672685197375,0.290893126511316,0.436434188291309
0.272677151370155,0.290891032994234,0.436431815635611
0.27268145777476,0.290889114919127,0.436429427306113
0.2726856040313,0.29088736589602,0.43642703007268
0.272689590165743,0.2908857795334,0.436424630300858
0.27269341662905,0.290884349417572,0.436422233953378
0.272697084230804,0.290883069161136,0.43641984660806
0.27270059408376,0.290881932436589,0.436417473479652
0.272703947601482,0.290880932976288,0.43641511942223
0.272707146513592,0.290880064555529,0.43641278893088
0.272710192835098,0.290879321013273,0.43641048615163
0.272713088793855,0.29087869629088,0.436408214915265
0.272715836826079,0.290878184433868,0.436405978740053
0.272718439581526,0.290877779582849,0.436403780835626
0.2727208999316,0.290877475969691,0.43640162409871
0.272723220890373,0.290877267954526,0.436399511155101
0.272725405599757,0.290877150031218,0.436397444369026
0.272727457328926,0.290877116824919,0.436395425846155
0.272729379495631,0.290877163078189,0.43639345742618
0.272731175619792,0.290877283671792,0.436391540708416
0.272732849281653,0.290877473637159,0.436389677081187
0.27273440412096,0.290877728156348,0.436387867722692
0.272735843843732,0.290878042553797,0.436386113602472
0.272737172232745,0.290878412294256,0.436384415472999
0.272738393086844,0.290878832998027,0.43638277391513
0.272739510209613,0.290879300442261,0.436381189348126
0.272740527412189,0.290879810559624,0.436379662028187
0.27274144852764,0.290880359428509,0.436378192043851
